{
  "providers": [
    {
      "file": "nova:font/recipe_numbers/space.png",
      "chars": [
        " "
      ],
      "height": 8,
      "ascent": -27,
      "type": "bitmap"
    },
    {
      "file": "nova:font/recipe_numbers/0.png",
      "chars": [
        "0"
      ],
      "height": 8,
      "ascent": -27,
      "type": "bitmap"
    },
    {
      "file": "nova:font/recipe_numbers/1.png",
      "chars": [
        "1"
      ],
      "height": 8,
      "ascent": -27,
      "type": "bitmap"
    },
    {
      "file": "nova:font/recipe_numbers/2.png",
      "chars": [
        "2"
      ],
      "height": 8,
      "ascent": -27,
      "type": "bitmap"
    },
    {
      "file": "nova:font/recipe_numbers/3.png",
      "chars": [
        "3"
      ],
      "height": 8,
      "ascent": -27,
      "type": "bitmap"
    },
    {
      "file": "nova:font/recipe_numbers/4.png",
      "chars": [
        "4"
      ],
      "height": 8,
      "ascent": -27,
      "type": "bitmap"
    },
    {
      "file": "nova:font/recipe_numbers/5.png",
      "chars": [
        "5"
      ],
      "height": 8,
      "ascent": -27,
      "type": "bitmap"
    },
    {
      "file": "nova:font/recipe_numbers/6.png",
      "chars": [
        "6"
      ],
      "height": 8,
      "ascent": -27,
      "type": "bitmap"
    },
    {
      "file": "nova:font/recipe_numbers/7.png",
      "chars": [
        "7"
      ],
      "height": 8,
      "ascent": -27,
      "type": "bitmap"
    },
    {
      "file": "nova:font/recipe_numbers/8.png",
      "chars": [
        "8"
      ],
      "height": 8,
      "ascent": -27,
      "type": "bitmap"
    },
    {
      "file": "nova:font/recipe_numbers/9.png",
      "chars": [
        "9"
      ],
      "height": 8,
      "ascent": -27,
      "type": "bitmap"
    },
    {
      "file": "nova:font/recipe_numbers/slash.png",
      "chars": [
        "/"
      ],
      "height": 8,
      "ascent": -27,
      "type": "bitmap"
    }
  ]
}