{"providers":[{"file":"nova:font/waila/2/start.png","chars":[""],"height":40,"ascent":-14,"type":"bitmap"},{"file":"nova:font/waila/2/part.png","chars":[""],"height":40,"ascent":-14,"type":"bitmap"},{"file":"nova:font/waila/2/end.png","chars":[""],"height":40,"ascent":-14,"type":"bitmap"},{"file":"nova:font/waila/3/start.png","chars":[""],"height":44,"ascent":-14,"type":"bitmap"},{"file":"nova:font/waila/3/part.png","chars":[""],"height":44,"ascent":-14,"type":"bitmap"},{"file":"nova:font/waila/3/end.png","chars":[""],"height":44,"ascent":-14,"type":"bitmap"},{"file":"nova:font/waila/4/start.png","chars":[""],"height":56,"ascent":-14,"type":"bitmap"},{"file":"nova:font/waila/4/part.png","chars":[""],"height":56,"ascent":-14,"type":"bitmap"},{"file":"nova:font/waila/4/end.png","chars":[""],"height":56,"ascent":-14,"type":"bitmap"},{"file":"nova:font/waila/5/start.png","chars":[""],"height":68,"ascent":-14,"type":"bitmap"},{"file":"nova:font/waila/5/part.png","chars":[""],"height":68,"ascent":-14,"type":"bitmap"},{"file":"nova:font/waila/5/end.png","chars":[""],"height":68,"ascent":-14,"type":"bitmap"},{"file":"nova:font/waila/6/start.png","chars":[""],"height":80,"ascent":-14,"type":"bitmap"},{"file":"nova:font/waila/6/part.png","chars":[""],"height":80,"ascent":-14,"type":"bitmap"},{"file":"nova:font/waila/6/end.png","chars":[""],"height":80,"ascent":-14,"type":"bitmap"},{"file":"nova:font/waila/7/start.png","chars":[""],"height":92,"ascent":-14,"type":"bitmap"},{"file":"nova:font/waila/7/part.png","chars":[""],"height":92,"ascent":-14,"type":"bitmap"},{"file":"nova:font/waila/7/end.png","chars":[""],"height":92,"ascent":-14,"type":"bitmap"},{"file":"nova:font/waila/8/start.png","chars":[""],"height":104,"ascent":-14,"type":"bitmap"},{"file":"nova:font/waila/8/part.png","chars":[""],"height":104,"ascent":-14,"type":"bitmap"},{"file":"nova:font/waila/8/end.png","chars":[""],"height":104,"ascent":-14,"type":"bitmap"},{"file":"nova:font/waila/9/start.png","chars":[""],"height":116,"ascent":-14,"type":"bitmap"},{"file":"nova:font/waila/9/part.png","chars":[""],"height":116,"ascent":-14,"type":"bitmap"},{"file":"nova:font/waila/9/end.png","chars":[""],"height":116,"ascent":-14,"type":"bitmap"},{"file":"nova:font/waila/10/start.png","chars":[""],"height":128,"ascent":-14,"type":"bitmap"},{"file":"nova:font/waila/10/part.png","chars":[""],"height":128,"ascent":-14,"type":"bitmap"},{"file":"nova:font/waila/10/end.png","chars":[""],"height":128,"ascent":-14,"type":"bitmap"}]}