{"block.stone.fall":{"sounds":[],"replace":true},"item.armor.equip_leather":{"sounds":[],"replace":true},"block.wood.break":{"sounds":[],"replace":true},"block.wood.fall":{"sounds":[],"replace":true},"block.stone.step":{"sounds":[],"replace":true},"block.wood.step":{"sounds":[],"replace":true},"block.stone.break":{"sounds":[],"replace":true},"item.armor.equip_diamond":{"sounds":[],"replace":true},"item.armor.equip_gold":{"sounds":[],"replace":true},"item.armor.equip_netherite":{"sounds":[],"replace":true},"item.armor.equip_iron":{"sounds":[],"replace":true},"block.stone.hit":{"sounds":[],"replace":true},"block.wood.hit":{"sounds":[],"replace":true},"item.armor.equip_chain":{"sounds":[],"replace":true},"item.armor.equip_generic":{"sounds":[],"replace":true},"item.armor.equip_turtle":{"sounds":[],"replace":true},"item.armor.equip_elytra":{"sounds":[],"replace":true}}